{"cameraMode":{"drawMode":0,"name":"Shaded","section":"Shading Mode"},"sceneLighting":false,"audioPlay":false,"sceneViewState":{"m_AlwaysRefresh":false,"showFog":true,"showSkybox":false,"showFlares":true,"showImageEffects":true,"showParticleSystems":true,"showVisualEffectGraphs":true,"m_FxEnabled":true},"in2DMode":false,"pivot":{"x":11.668118476867676,"y":6.797407150268555,"z":-7.3297014236450199},"rotation":{"x":-0.0004952473100274801,"y":0.999096691608429,"z":0.017563452944159509,"w":0.03754131868481636},"size":12.257692337036133,"orthographic":false}