{"cameraMode":{"drawMode":0,"name":"Shaded","section":"Shading Mode"},"sceneLighting":false,"audioPlay":false,"sceneViewState":{"m_AlwaysRefresh":false,"showFog":true,"showSkybox":false,"showFlares":true,"showImageEffects":true,"showParticleSystems":true,"showVisualEffectGraphs":true,"m_FxEnabled":true},"in2DMode":false,"pivot":{"x":-20.714141845703126,"y":1.6233172416687012,"z":-1.7098374366760255},"rotation":{"x":-0.02041509561240673,"y":-0.6712754964828491,"z":0.01831127516925335,"w":-0.7406920194625855},"size":6.9910759925842289,"orthographic":false}