{"cameraMode":{"drawMode":0,"name":"Shaded","section":"Shading Mode"},"sceneLighting":false,"audioPlay":false,"sceneViewState":{"m_AlwaysRefresh":false,"showFog":true,"showSkybox":false,"showFlares":true,"showImageEffects":true,"showParticleSystems":true,"showVisualEffectGraphs":true,"m_FxEnabled":true},"in2DMode":false,"pivot":{"x":13.370899200439454,"y":0.6955184936523438,"z":-51.87562561035156},"rotation":{"x":0.017137812450528146,"y":0.9775832295417786,"z":-0.08763515949249268,"w":0.1909496933221817},"size":6.318971157073975,"orthographic":false}