{"cameraMode":{"drawMode":0,"name":"Shaded","section":"Shading Mode"},"sceneLighting":true,"audioPlay":false,"sceneViewState":{"m_AlwaysRefresh":false,"showFog":true,"showSkybox":true,"showFlares":true,"showImageEffects":true,"showParticleSystems":true,"showVisualEffectGraphs":true,"m_FxEnabled":true},"in2DMode":false,"pivot":{"x":8.33934211730957,"y":3.434847116470337,"z":-65.35447692871094},"rotation":{"x":0.009245398454368115,"y":0.42656946182250979,"z":-0.004332100041210651,"w":0.9044572710990906},"size":6.908074855804443,"orthographic":false}