{"cameraMode":{"drawMode":0,"name":"Shaded","section":"Shading Mode"},"sceneLighting":false,"audioPlay":false,"sceneViewState":{"m_AlwaysRefresh":false,"showFog":true,"showSkybox":false,"showFlares":true,"showImageEffects":true,"showParticleSystems":true,"showVisualEffectGraphs":true,"m_FxEnabled":true},"in2DMode":false,"pivot":{"x":-11.508134841918946,"y":5.198007583618164,"z":-44.499725341796878},"rotation":{"x":0.017137812450528146,"y":0.9775832295417786,"z":-0.08763515949249268,"w":0.1909496933221817},"size":12.15485954284668,"orthographic":false}