{"cameraMode":{"drawMode":0,"name":"Shaded","section":"Shading Mode"},"sceneLighting":true,"audioPlay":false,"sceneViewState":{"m_AlwaysRefresh":false,"showFog":true,"showSkybox":true,"showFlares":true,"showImageEffects":true,"showParticleSystems":true,"showVisualEffectGraphs":true,"m_FxEnabled":true},"in2DMode":false,"pivot":{"x":-12.373503684997559,"y":4.645199298858643,"z":-42.177032470703128},"rotation":{"x":-0.03474252298474312,"y":0.31445011496543887,"z":-0.011516598053276539,"w":-0.9485726952552795},"size":9.550000190734864,"orthographic":false}