{"cameraMode":{"drawMode":0,"name":"Shaded","section":"Shading Mode"},"sceneLighting":false,"audioPlay":false,"sceneViewState":{"m_AlwaysRefresh":false,"showFog":true,"showSkybox":false,"showFlares":true,"showImageEffects":true,"showParticleSystems":true,"showVisualEffectGraphs":true,"m_FxEnabled":true},"in2DMode":false,"pivot":{"x":564.8707885742188,"y":358.86419677734377,"z":37.96417236328125},"rotation":{"x":-0.11190200597047806,"y":-0.025748761370778085,"z":0.0027111482340842487,"w":-0.9933024048805237},"size":80.03905487060547,"orthographic":false}