{"cameraMode":{"drawMode":0,"name":"Shaded","section":"Shading Mode"},"sceneLighting":false,"audioPlay":false,"sceneViewState":{"m_AlwaysRefresh":false,"showFog":true,"showSkybox":false,"showFlares":true,"showImageEffects":true,"showParticleSystems":true,"showVisualEffectGraphs":true,"m_FxEnabled":true},"in2DMode":false,"pivot":{"x":11.658599853515625,"y":-0.6839320659637451,"z":-54.10309982299805},"rotation":{"x":-0.004669297020882368,"y":0.9845319986343384,"z":-0.02660093456506729,"w":-0.17336228489875794},"size":6.318971157073975,"orthographic":true}